# Tag name          ;  color
Schuylkill County   ; #eae788
TRS                 ; #ff510c
Radio Direction Finding; #aaaa00
Aircraft            ; #aaffff
Utilities           ; #4d5fc0
Satellite           ; #905353
Digital/DMR         ; #aa55ff
Transportation      ; #5bc03f
Voice               ; #00aa7f
Ham                 ; #00aa7f
Untagged            ; #c0c0c0
Public Works        ; #c0629f
Data                ; #00ffff

# Frequency ; Name                     ; Modulation          ;  Bandwidth; Tags
     1490000; WONN-FM                  ; AM                  ;      10000; Voice
     1800000; Start of 160M Band       ; Demod Off           ;          0; Ham
     1816710; Morse Code               ; CW-L                ;        500; Data
     2000000; End of 160M Band         ; Demod Off           ;          0; Ham
     3330000; CHU Canadian Time        ; USB                 ;       2700; Data
     3500000; Start of 80M Band        ; Demod Off           ;          0; Ham
     4000000; End of 80M Band          ; Demod Off           ;          0; Ham
     4625000; UVB-76                   ; USB                 ;       2700; Ham
     5330500; 60M Channel 1            ; USB                 ;       5000; Ham
     5346500; 60M Channel 2            ; USB                 ;       5000; Ham
     5357000; 60M Channel 3            ; USB                 ;       5000; Ham
     5371500; 60M Channel 4            ; USB                 ;       5000; Ham
     5403500; 60M Channel 5            ; USB                 ;       5000; Ham
     6586000; MWARA CAR-B New York     ; USB                 ;       2700; Aircraft,Voice
     6604000; Gander Radio Canada      ; USB                 ;       2700; Aircraft,Public Works
     6754000; Trenton, Canada Mil Weather; USB                 ;       2700; Aircraft,Voice
     6925000; Frequent Pirate Radio    ; AM                  ;      10000; Voice
     7000000; Start of 40M Band        ; Demod Off           ;          0; Ham
     7048900; W1AW - ARRL              ; LSB                 ;       2700; Ham
     7173000; LSB 40 Meters            ; LSB                 ;       2700; Ham
     7300000; End of 40M Band          ; Demod Off           ;          0; Ham
     7850000; CHU Canada Time          ; USB                 ;       2700; Data,Voice
    10100000; Start of 30M Band        ; Demod Off           ;          0; Ham
    10150000; End of 30M Band          ; Demod Off           ;          0; Ham
    12160000; Crazy Conspiracy Nut     ; AM                  ;      10000; Voice
    14000000; Start of 20M Band        ; Demod Off           ;          0; Ham
    14350000; End of 20M Band          ; Demod Off           ;          0; Ham
    18068000; Start of 17M Band        ; Demod Off           ;          0; Ham
    18168000; End of 17M Band          ; Demod Off           ;          0; Ham
    21000000; Start of 15M Band        ; Demod Off           ;          0; Ham
    21450000; End of 15M Band          ; Demod Off           ;          0; Ham
    24890000; Start of 12M Band        ; Demod Off           ;          0; Ham
    24990000; End of 12M Band          ; Demod Off           ;          0; Ham
    28000000; Start of 10M Band        ; Demod Off           ;          0; Ham
    29680000; W3HZU York               ; Narrow FM           ;      10000; Ham
    29700000; End of 10M Band          ; Demod Off           ;          0; Ham
    31000000; Little Britain Ag Supply ; Narrow FM           ;      10000; Voice
    31160000; John Weidman & Son Oil Burner Service; Narrow FM           ;      10000; Voice
    33080000; Manheim Township Ambulance Assoc; Narrow FM           ;      10000; Voice
    33420000; Hope Fire Engine & Hose Company; Narrow FM           ;      10000; Voice
    33440000; Lancaster County Fire/EMS; Narrow FM           ;      10000; Voice
    33480000; Lancaster County Fire/EMS; Narrow FM           ;      10000; Voice
    33520000; Lancaster County Fire/EMS; Narrow FM           ;      10000; Voice
    33560000; Fire/EMS Dispatch B (Northeast) TRS Rebroadcast; Narrow FM           ;      10000; Voice
    33600000; House Siren Activations  ; Narrow FM           ;      10000; Voice
    33620000; Hope Fire Engine & Hose Company; Narrow FM           ;      10000; Voice
    33640000; Fire/EMS Dispatch A (Northwest) TRS Rebroadcast; Narrow FM           ;      10000; Voice
    33720000; Fire/EMS Dispatch C (City/South) TRS Rebroadcast; Narrow FM           ;      10000; Voice
    33800000; Lititz FC No. 1          ; Narrow FM           ;      10000; Voice
    33820000; Lancaster City Voice     ; Narrow FM           ;      10000; Voice
    33840000; Ephrata Pioneer FC       ; Narrow FM           ;      10000; Voice
    33900000; Lancaster County Fire/EMS Dispatch; Narrow FM           ;      10000; Voice
    33920000; East Lampeter Township Fire District; Narrow FM           ;      10000; Voice
    33960000; Lititz FC No. 1          ; Narrow FM           ;      10000; Voice
    33980000; Elizabethtown Fire District; Narrow FM           ;      10000; Voice
    45040000; Mount Joy Township Forest Fire Channel; Narrow FM           ;      10000; Voice
    45640000; Akron Municipal PD (Tac/Low); Narrow FM           ;      10000; Voice
    45700000; West Earl Municipal PD (Low); Narrow FM           ;      10000; Voice
    50000000; Start of 6M Band         ; Demod Off           ;          0; Ham
    50185000; 6M QRP Phone             ; LSB                 ;       2700; Ham,Voice
    53330000; K3CX Honey Brook         ; AM                  ;      46400; Ham,Voice
    53850000; N3TJJ Rawlinsville       ; Narrow FM           ;       6600; Ham
    53870000; N3KZ Earlville           ; Narrow FM           ;      10000; Ham,Voice
    53970000; W3HZU York               ; Narrow FM           ;       6600; Ham
    54000000; End of 6M Band           ; Demod Off           ;          0; Ham
    72220000; Lancaster General Hospital WQHT584; Narrow FM           ;      10000; Data,Public Works
    72580000; Lancaster County Fire/EMS Dispatch; Narrow FM           ;      10000; Voice
    75620000; AFSK Pager Link          ; Narrow FM           ;      10000; Data
    88700000; WXPN                     ; WFM (mono)          ;     160000; Voice
    89500000; WITF                     ; WFM (mono)          ;     160000; Voice
    90300000; WJTL                     ; WFM (mono)          ;     160000; Voice
    90700000; WRTL                     ; WFM (stereo)        ;     160000; Voice
    91300000; WLCH                     ; WFM (mono)          ;     160000; Voice
    91900000; WYTL                     ; WFM (mono)          ;     160000; Voice
    92100000; WTPA                     ; WFM (mono)          ;     160000; Voice
    94500000; WDAC                     ; WFM (mono)          ;     160000; Voice
    96100000; WSOX                     ; WFM (mono)          ;     160000; Voice
    96900000; WLAN                     ; WFM (mono)          ;     160000; Voice
    97300000; WRVV                     ; WFM (mono)          ;     160000; Voice
   101300000; WROZ                     ; WFM (mono)          ;     160000; Voice
   117300000; KLNS LRP                 ; AM                  ;       5000; Radio Direction Finding,Aircraft
   120900000; KLNS Tower               ; AM                  ;      10000; Aircraft,Voice
   121800000; KLNS Ground Control      ; AM                  ;      10000; Aircraft,Voice
   122950000; KLNS Unicom              ; AM                  ;      10000; Aircraft,Voice
   123050000; Smoketown Ground Control ; AM                  ;      10000; Aircraft
   125675000; KLNS Automated Weather   ; AM                  ;      10000; Aircraft,Voice
   126450000; KLNS Approach/Departure (KMDT Harrisburg); AM                  ;      10000; Aircraft
   130169000; ISS Comms                ; Narrow FM           ;      10000; Satellite,Voice
   136770000; NOAA 9 (DEAD)            ; Narrow FM           ;      10000; Satellite
   136975000; Orbcomm                  ; Narrow FM           ;      10000; Data,Satellite
   137100000; NOAA 19                  ; Narrow FM           ;      25000; Data,Satellite
   137620000; NOAA 15                  ; Narrow FM           ;      25000; Data,Satellite
   137890000; Meteor M2                ; Narrow FM           ;      10000; Data,Satellite
   137912500; NOAA 18                  ; Narrow FM           ;      25000; Data,Satellite
   143697700; ?                        ; Narrow FM           ;      10000; Untagged
   144000000; Start of 2M Band         ; Demod Off           ;          0; Ham
   144060000; 2M QRP CW                ; CW-U                ;        500; Ham
   144200000; 2M SSB Calling           ; Narrow FM           ;      10000; Ham,Voice
   144285000; 2M QRP Voice             ; Narrow FM           ;      10000; Ham,Voice
   144390000; APRS                     ; Narrow FM           ;      10000; Data
   144489000; WSPR Net Dial            ; Narrow FM           ;      10000; Data,Ham
   144990000; APRS?                    ; Narrow FM           ;       5000; Data
   145110000; W3ND Harrisburg          ; Narrow FM           ;      10000; Ham,Voice
   145150000; K3TI Reading             ; Narrow FM           ;      10000; Digital/DMR,Ham
   145170000; AA3RG Pine Grove         ; Narrow FM           ;      10000; Schuylkill County,Voice
   145210000; WB3EYB Harrisburg        ; Narrow FM           ;      10000; Ham,Voice
   145230000; K3IR Manheim             ; Narrow FM           ;      10000; Ham
   145250000; KB3OZC Stowe             ; Narrow FM           ;      10000; Ham,Voice
   145270000; N3TWT Mechanicsburg      ; Narrow FM           ;      10000; Ham,Voice
   145290000; W3ND Harrisburg          ; Narrow FM           ;      20000; Ham,Voice
   145310000; N3FYI Lancaster          ; Narrow FM           ;      10000; Ham
   145370000; W3SC Delano              ; Narrow FM           ;      10000; Schuylkill County
   145390000; W3AD Cornwall            ; Narrow FM           ;      10000; Ham,Voice
   145450000; W3XP Ephrata             ; Narrow FM           ;      10000; Ham,Voice
   145470000; W3ND Harrisburg          ; Narrow FM           ;      10000; Ham,Voice
   145490000; K3TI Reading             ; Narrow FM           ;      10000; Ham,Voice
   145610000; K3NCY New Holland        ; Narrow FM           ;      10000; Ham,Voice
   145800000; ISS Voice/SSTV           ; Narrow FM           ;      10000; Satellite,Voice
   145825000; ISS APRS                 ; Narrow FM           ;      10000; Satellite
   145880000; RadFxSat (Fox-1D) AO-92  ; Narrow FM           ;      10000; Satellite
   145960000; RadFxSat (Fox-1B) AO-91  ; Narrow FM           ;      10000; Satellite,Voice
   145980000; AO-85 (FOX-1A)           ; Narrow FM           ;      10000; Satellite
   146445000; KB3TWW - Etters          ; Narrow FM           ;      19800; Digital/DMR,Ham
   146460000; N3TWT Mechanicsburg      ; AM                  ;      10000; Ham,Voice
   146490000; W3TWA Tamaqua            ; Narrow FM           ;      10000; Schuylkill County
   146520000; 2M National Simplex Call ; Narrow FM           ;      10000; Ham,Voice
   146610000; K3NCY New Holland        ; Narrow FM           ;      10000; Ham,Voice
   146625000; KA3KDL Reading           ; Narrow FM           ;      10000; Ham,Voice
   146640000; AA3RG Pine Grove         ; Narrow FM           ;      10000; Ham,Schuylkill County
   146685000; N3TWT Landisburg         ; Narrow FM           ;      10000; Digital/DMR,Ham
   146700000; K3AE Shrewsberry         ; Narrow FM           ;      10000; Ham,Voice
   146745000; KX3B Buck                ; Narrow FM           ;      10000; Ham,Voice
   146760000; W3UU Harrisburg          ; Narrow FM           ;      15400; Ham,Voice
   146820000; K2SNY Richfield          ; Narrow FM           ;      10000; Ham,Voice
   146865000; W3ZGD Red Lion           ; Narrow FM           ;      10000; Ham,Voice
   146880000; W3WAN Lebanon            ; Narrow FM           ;      10000; Ham,Voice
   146910000; W3BN Reading             ; Narrow FM           ;      10000; Ham,Voice
   146925000; W3WAN York               ; Narrow FM           ;      10000; Ham,Voice
   146940000; W3EOC West Chester       ; Narrow FM           ;      10000; Ham,Voice
   146955000; W3SC Joliett             ; Narrow FM           ;      10000; Schuylkill County,Voice
   146970000; W3HZU York               ; Narrow FM           ;      10000; Ham,Voice
   146985000; W3GMS Chester            ; Narrow FM           ;      20000; Ham,Voice
   147015000; W3RRR LGH                ; Narrow FM           ;      10000; Ham,Voice
   147075000; KB3NIA - Ellendale       ; Narrow FM           ;      10000; Ham,Voice
   147105000; KA0JQO Cornwall          ; Narrow FM           ;      10000; Digital/DMR,Ham
   147165000; K3LV Grantville          ; Narrow FM           ;      10000; Ham,Voice
   147180000; K2SEH Reading            ; Narrow FM           ;      10000; Ham,Voice
   147210000; K3ZMC Earlville PAARC    ; Narrow FM           ;      20000; Ham,Voice
   147270000; Tamaqua W3TWA            ; Narrow FM           ;      10000; Schuylkill County
   147285000; N3SWH - Newmanstown      ; Narrow FM           ;      10000; Ham,Voice
   147300000; N3NJB Steelton           ; Narrow FM           ;      10000; Ham,Voice
   147315000; K3LV Cornwall            ; Narrow FM           ;      10000; Voice
   147330000; W3MUM - Hanover          ; Narrow FM           ;      15400; Ham,Voice
   147345000; W3SC Pottsville          ; Narrow FM           ;      15400; Schuylkill County,Voice
   147375000; W3ND Harrisburg          ; Narrow FM           ;      15400; Digital/DMR,Voice
   147390000; Hegins KB3VXB            ; Narrow FM           ;      10000; Schuylkill County
   147480000; W3WAN Lebanon Input      ; Narrow FM           ;      10000; Ham
   147615000; W3RRR Input              ; Narrow FM           ;      10000; Ham
   147765000; K3LV Input               ; Narrow FM           ;      10000; Voice
   148000000; End of 2M Band           ; Demod Off           ;          0; Ham
   148150000; ?                        ; Narrow FM           ;      10000; Untagged
   150830000; Black Rock Retreat       ; Narrow FM           ;      10000; Voice
   150995000; Mountville Borough PD    ; Narrow FM           ;      10000; Public Works,Voice
   151085000; West Lampeter PD         ; Narrow FM           ;      10000; Public Works,Voice
   151137500; Shendandoah Fire/Police  ; Narrow FM           ;      10000; Schuylkill County
   151175000; Cressona DPW             ; Narrow FM           ;      10000; Schuylkill County
   151205000; New Holland Boro PD      ; Narrow FM           ;      10000; Public Works,Voice
   151220000; Berks County Fire/EMS    ; Narrow FM           ;      10000; Public Works,Voice
   151250000; Martindale Fire Company  ; Narrow FM           ;      10000; Voice
   151325000; Schuylkill County EMS    ; Narrow FM           ;      10000; Schuylkill County
   151415000; Pottsville PDW/PD        ; Narrow FM           ;      10000; Schuylkill County
   151520000; DART Production Ops      ; Narrow FM           ;      10000; Voice
   151580000; Shultz Lancaster District 1; Narrow FM           ;      10000; Transportation
   151595000; Hotel Ch1 Maintenance    ; Narrow FM           ;      10000; Voice
   151625000; West Penn Fire Police    ; Narrow FM           ;      10000; Schuylkill County
   151715000; Dutch Wonderland - Maintenance; Narrow FM           ;      10000; Voice
   151730000; Groff Bus Service        ; Narrow FM           ;      10000; Transportation
   151745000; Dutch Wonderland - Security; Narrow FM           ;      10000; Voice
   151790000; R R Donnelley & Sons     ; Narrow FM           ;      10000; Voice
   151820000; MURS 1                   ; Narrow FM           ;       5000; Voice
   151850000; R R Donnelley & Sons     ; Narrow FM           ;      10000; Voice
   151880000; MURS 2                   ; Narrow FM           ;       5000; Voice
   151895000; Graybill Bus Manheim     ; Narrow FM           ;      10000; Transportation
   151925000; Dutch Wonderland - Retail; Narrow FM           ;      10000; Voice
   151940000; MURS 3                   ; Narrow FM           ;       5000; Voice
   151955000; Dutch Wonderland - Food Service; Narrow FM           ;      10000; Voice
   151955000; Schuylkill County Prison ; Narrow FM           ;      10000; Schuylkill County
   152007500; KTI564 Lanc Medical      ; Narrow FM           ;      20000; Public Works,Utilities
   152180000; POCSAG                   ; Narrow FM           ;      20000; Data
   152345000; DART Building 4          ; Narrow FM           ;      10000; Voice
   152375000; WPXP704 Bradford Airport ; Narrow FM           ;      10000; Aircraft,Utilities
   152390000; Yellow Cab               ; Narrow FM           ;      10000; Transportation
   152420000; Hotel Ch2 Housekeeping   ; Narrow FM           ;      10000; Voice
   152450000; Columbia Borough School District; Narrow FM           ;      10000; Voice
   152450000; DART Building 13/14      ; Narrow FM           ;      10000; Voice
   152450000; Kunzler                  ; Narrow FM           ;      10000; Voice
   152465000; DART Maintenance         ; Narrow FM           ;      10000; Voice
   152900000; Rohrers Quarry           ; Narrow FM           ;      10000; Voice
   152915000; Dutch Wonderland - Environmental Services; Narrow FM           ;      10000; Voice
   152945000; Althouse Transportation (Octorara SD); Narrow FM           ;      10000; Transportation
   153095000; DART Shipping/Yard jockeys; Narrow FM           ;      10000; Voice
   153235000; DART 1st Responders      ; Narrow FM           ;      10000; Voice
   153507500; WGH429 Peach Bottom      ; Narrow FM           ;      10000; Utilities
   153785000; New Holland Boro PD      ; Narrow FM           ;      10000; Voice
   154002500; Fivepointville Ambulance Tactical; Narrow FM           ;      10000; Voice
   154025000; Ephrata Twp PD           ; Narrow FM           ;      10000; Voice
   154055000; Lancaster County Constables; Narrow FM           ;      10000; Voice
   154100000; West Hempfield Twp PD - Tactical; Narrow FM           ;      10000; Voice
   154490000; Rohrers Quarry (Trucks)  ; Narrow FM           ;      10000; Voice
   154540000; Quarryville Presbyterian Retirement Community; Narrow FM           ;      10000; Voice
   154570000; MURS 'Blue Dot'          ; Narrow FM           ;      10000; Voice
   154570000; Lancaster County Constables; Narrow FM           ;      10000; Voice
   154570000; Hometown Walmart         ; Narrow FM           ;      10000; Schuylkill County
   154600000; MURS 'Green Dot'         ; Narrow FM           ;      10000; Voice
   154600000; WAWA Lancaster           ; Narrow FM           ;      10000; Voice
   154600000; Ryan Township Police     ; Narrow FM           ;      10000; Schuylkill County
   154845000; Ephrata Boro PD          ; Narrow FM           ;      10000; Public Works
   154876000; Lancaster City Police Department; Narrow FM           ;      20000; Voice
   154890000; Ephrata Borough PD       ; Narrow FM           ;      10000; Voice
   154965000; Manheim Twp PD           ; Narrow FM           ;      10000; Voice
   154980000; Canervon Twp PD          ; Narrow FM           ;      10000; Voice
   155017500; New Holland EMS          ; Narrow FM           ;      10000; Voice
   155085000; Rapho Twp PD             ; Narrow FM           ;      10000; Voice
   155100000; East Earl PD             ; Narrow FM           ;      10000; Voice
   155130000; Columbia PD              ; Narrow FM           ;      10000; Voice
   155145000; Denver/Cocalico PD       ; Narrow FM           ;      10000; Voice
   155145000; Mount Joy - Tactical     ; Narrow FM           ;      10000; Voice
   155160000; Emergency Strike Team (WEST) - Portable Repeater; Narrow FM           ;      10000; Voice
   155175000; Groff Bus service        ; Narrow FM           ;      10000; Transportation
   155205000; Geib Bus                 ; Narrow FM           ;      10000; Transportation
   155235000; Shultz Bus Service       ; Narrow FM           ;      10000; Transportation
   155310000; East Cocalilco PD        ; Narrow FM           ;      10000; Voice
   155340000; Lancaster EMS            ; Narrow FM           ;      10000; Voice
   155370000; Millersville University PD; Narrow FM           ;      10000; Voice
   155407500; Lancaster EMS Association; Narrow FM           ;      10000; Voice
   155500000; Marine SEA L1            ; Narrow FM           ;      10000; Voice,Transportation
   155520000; Elizabethtown PD         ; Narrow FM           ;      10000; Voice
   155525000; Marine SEA L2            ; Narrow FM           ;      10000; Voice,Transportation
   155595000; East Lampeter PD         ; Narrow FM           ;      10000; Voice
   155625000; Marine SEA F1            ; Narrow FM           ;      10000; Voice,Transportation
   155655000; Manheim Twp PD           ; Narrow FM           ;      10000; Voice
   155655000; Manheim Twp Police       ; Narrow FM           ;      10000; Voice
   155685000; Lancaster County Police Dispatch; Narrow FM           ;      10000; Voice
   155715000; Millersville PD          ; Narrow FM           ;      10000; Voice
   155745000; Lancaster Airport Security; Narrow FM           ;      10000; Voice
   155775000; Marine SEA F2            ; Narrow FM           ;      10000; Voice,Transportation
   155775000; Warwick PD - Tactical    ; Narrow FM           ;      10000; Voice
   155825000; Marine SEA F3            ; Narrow FM           ;      10000; Voice,Transportation
   155880000; East Hempfield Twp PD    ; Narrow FM           ;      10000; Voice
   155880000; Manor Twp PD - Tactical  ; Narrow FM           ;      10000; Voice
   155925000; Warwick Twp PD           ; Narrow FM           ;      10000; Voice
   155955000; Bart Twp PD              ; Narrow FM           ;      10000; Voice
   156015000; Penn Twp PD              ; Narrow FM           ;      10000; Voice
   156120000; Pequea Twp PD            ; Narrow FM           ;      10000; Voice
   156195000; PA Turnpike Commission   ; Narrow FM           ;      10000; Transportation,Voice
   156240000; Susquehanna Regional Police; Narrow FM           ;      10000; Voice
   156300000; Marine SEA 06            ; Narrow FM           ;      10000; Voice,Transportation
   156375000; Marine SEA 67            ; Narrow FM           ;      10000; Voice,Transportation
   156400000; Marine SEA 08            ; Narrow FM           ;      10000; Voice,Transportation
   156425000; Marine SEA 68            ; Narrow FM           ;      10000; Voice,Transportation
   156450000; Marine SEA 09            ; Narrow FM           ;      10000; Voice,Transportation
   156475000; Marine SEA 69            ; Narrow FM           ;      10000; Voice,Transportation
   156500000; Marine SEA 10            ; Narrow FM           ;      10000; Voice,Transportation
   156525000; Marine DSC 70            ; Narrow FM           ;      10000; Voice,Transportation
   156550000; Marine SEA 11            ; Narrow FM           ;      10000; Voice,Transportation
   156575000; Marine SEA 71            ; Narrow FM           ;      10000; Voice,Transportation
   156600000; Marine SEA 12            ; Narrow FM           ;      10000; Voice,Transportation
   156625000; Marine SEA 72            ; Narrow FM           ;      10000; Voice,Transportation
   156650000; Marine SEA 13            ; Narrow FM           ;      10000; Voice,Transportation
   156675000; Marine SEA 73            ; Narrow FM           ;      10000; Voice,Transportation
   156700000; Marine SEA 14            ; Narrow FM           ;      10000; Voice,Transportation
   156725000; Marine SEA 74            ; Narrow FM           ;      10000; Voice,Transportation
   156750000; Marine SEA 15            ; Narrow FM           ;      10000; Voice,Transportation
   156800000; Marine SEA 16            ; Narrow FM           ;      10000; Voice,Transportation
   156850000; Marine SEA 17            ; Narrow FM           ;      10000; Voice,Transportation
   156875000; Marine SEA 77            ; Narrow FM           ;      10000; Voice,Transportation
   157597500; Fivepointville Ambulance ; Narrow FM           ;      10000; Voice
   157620000; Schuylkill Mall          ; Narrow FM           ;      10000; Schuylkill County
   158745000; Mount Joy Twp - Tactical ; Narrow FM           ;      10000; Voice
   158805000; West Donegal PD          ; Narrow FM           ;      10000; Voice
   158955000; Manheim Boro PD          ; Narrow FM           ;      10000; Public Works
   159395000; Dispactch (Unknown Org)  ; Narrow FM           ;      10000; Voice
   159735000; Chester County Fire      ; Narrow FM           ;      10000; Public Works,Voice
   160065000; Rohrers Quarry (Ops)     ; Narrow FM           ;      10000; Voice
   160170000; Shultz Lancaster District 2; Narrow FM           ;      10000; Transportation
   160185000; Chester County Dispatch  ; Narrow FM           ;       5000; Voice
   160625000; Marine SEA 60            ; Narrow FM           ;      10000; Voice,Transportation
   160635000; Amtrak Conewago          ; Narrow FM           ;      10000; Transportation,Utilities
   160650000; Marine SEA 01            ; Narrow FM           ;      10000; Voice,Transportation
   160675000; Marine SEA 61            ; Narrow FM           ;      10000; Voice,Transportation
   160700000; Marine SEA 02            ; Narrow FM           ;      10000; Voice,Transportation
   160725000; Marine SEA 62            ; Narrow FM           ;      10000; Voice,Transportation
   160750000; Marine SEA 03            ; Narrow FM           ;      10000; Voice,Transportation
   160775000; Marine SEA 63            ; Narrow FM           ;      10000; Voice,Transportation
   160800000; Marine SEA 04            ; Narrow FM           ;      10000; Voice,Transportation
   160825000; Marine SEA 64            ; Narrow FM           ;      10000; Voice,Transportation
   160850000; Marine SEA 05            ; Narrow FM           ;      10000; Voice,Transportation
   160875000; Marine SEA 65            ; Narrow FM           ;      10000; Voice,Transportation
   160925000; Marine SEA 66            ; Narrow FM           ;      10000; Voice,Transportation
   160950000; Marine SEA 07            ; Narrow FM           ;      10000; Voice,Transportation
   161500000; Marine SEA 18            ; Narrow FM           ;      10000; Voice,Transportation
   161525000; Marine SEA 78            ; Narrow FM           ;      10000; Voice,Transportation
   161550000; Marine SEA 19            ; Narrow FM           ;      10000; Voice,Transportation
   161575000; Marine SEA 79            ; Narrow FM           ;      10000; Voice,Transportation
   161600000; Marine SEA 20            ; Narrow FM           ;      10000; Voice,Transportation
   161625000; Marine SEA 80            ; Narrow FM           ;      10000; Voice,Transportation
   161650000; Marine SEA 21            ; Narrow FM           ;      10000; Voice,Transportation
   161675000; Marine SEA 81            ; Narrow FM           ;      10000; Voice,Transportation
   161700000; Marine SEA 22            ; Narrow FM           ;      10000; Voice,Transportation
   161725000; Marine SEA 82            ; Narrow FM           ;      10000; Voice,Transportation
   161750000; Marine SEA 23            ; Narrow FM           ;      10000; Voice,Transportation
   161775000; Marine SEA 83            ; Narrow FM           ;      10000; Voice,Transportation
   161800000; Marine SEA 24            ; Narrow FM           ;      10000; Voice,Transportation
   161825000; Marine SEA 84            ; Narrow FM           ;      10000; Voice,Transportation
   161850000; Marine SEA 25            ; Narrow FM           ;      10000; Voice,Transportation
   161875000; Marine SEA 85            ; Narrow FM           ;      10000; Voice,Transportation
   161900000; Marine SEA 26            ; Narrow FM           ;      10000; Voice,Transportation
   161925000; Marine SEA 86            ; Narrow FM           ;      10000; Voice,Transportation
   161950000; Marine SEA 27            ; Narrow FM           ;      10000; Voice,Transportation
   161975000; Marine AIS 87            ; Narrow FM           ;      10000; Voice,Transportation
   162000000; Marine SEA 28            ; Narrow FM           ;      10000; Voice,Transportation
   162025000; Marine AIS 88            ; Narrow FM           ;      10000; Voice,Transportation
   162400000; NOAA Weather Channel 1   ; Narrow FM           ;      10000; Data,Voice
   162425000; NOAA Weather Channel 2   ; Narrow FM           ;      10000; Data,Voice
   162450000; NOAA Weather Channel 3   ; Narrow FM           ;      10000; Data,Voice
   162475000; NOAA Weather Channel 4   ; Narrow FM           ;      10000; Data,Voice
   162500000; NOAA Weather Channel 5   ; Narrow FM           ;      10000; Data,Voice
   162525000; NOAA Weather Channel 6   ; Narrow FM           ;      10000; Data,Voice
   162550000; NOAA Weather Channel 7   ; Narrow FM           ;      10000; Data,Voice
   163462500; Muir Army Airfield       ; Narrow FM           ;      10000; Aircraft
   180310000; ATSC Channel 8 Carrier   ; Narrow FM           ;      10000; Data
   204310000; ATSC Channel 12 Carrier  ; Narrow FM           ;      10000; Data
   217049000; Strange Pulser           ; Narrow FM           ;      80000; Data
   222000000; Start of 1.25M Band      ; Demod Off           ;      10000; Ham
   224020000; K3ZMC Pottstown          ; Narrow FM           ;      10000; Ham
   224040000; N3JCN Parkesburg         ; Narrow FM           ;      10000; Ham,Voice
   224140000; N3TJJ Summit Station     ; Narrow FM           ;      10000; Ham
   224320000; N3FYI - Lancaster        ; Narrow FM           ;      10000; Ham,Voice
   224320000; WA3WPA Rawlinsville      ; Narrow FM           ;      10000; Ham,Voice
   224420000; N3DAP Wilkes-Barre       ; Narrow FM           ;       8200; Ham,Voice
   224440000; KA3CNT Lititz            ; Narrow FM           ;      10000; Ham,Voice
   224640000; K3TI Reading             ; Narrow FM           ;      10000; Ham,Voice
   224780000; AK3E Buck                ; Narrow FM           ;      10000; Ham,Voice
   224820000; N3TPL Cornwall           ; Narrow FM           ;      10000; Ham,Voice
   224840000; KA3CNT Cornwall          ; Narrow FM           ;      10000; Ham,Voice
   225000000; End of 1.25M Band        ; Demod Off           ;      10000; Ham
   225790000; RTTY Beacon?             ; USB                 ;       2700; Data
   315000000; TMPS Sensors             ; Narrow FM           ;      20000; Data
   420000000; Start of 70cm Band       ; Demod Off           ;       5000; Ham
   432100000; 70CM Calling             ; Narrow FM           ;      10000; Ham
   433960000; ISM 433 Devices          ; Narrow FM           ;       5000; Data,Utilities
   436795000; SO-50                    ; Narrow FM           ;      10000; Satellite,Voice
   441475000; N3FYI Input              ; Narrow FM           ;      10000; Voice
   441900000; W3RC Hazleton            ; Narrow FM           ;      10000; Ham,Schuylkill County,Voice
   442000000; KJ6AL Parkesburg         ; Narrow FM           ;      10000; Ham
   442050000; N3KZ York                ; Narrow FM           ;      10000; Ham
   442150000; W3BXW Cornwall BEARS     ; Narrow FM           ;      10000; Ham
   442200000; N3KZ  Summerdale         ; Narrow FM           ;      10000; Ham,Voice
   442400000; N3KZ Eagles Peak         ; Narrow FM           ;      10000; Ham
   443000000; W3XN Pottsville          ; Narrow FM           ;      10000; Ham,Schuylkill County,Voice
   443250000; K3IR Manheim SPARC       ; Narrow FM           ;      10000; Ham
   443550000; K3ZMC Earlville          ; AM                  ;      10000; Ham,Voice
   443800000; N3KZ Valley Forge        ; Narrow FM           ;      10000; Ham,Voice
   443975000; KB3OUC Reading Mt. Penn  ; Narrow FM           ;      10000; Ham
   444056250; KB3TWW Etters            ; Narrow FM           ;      10000; Digital/DMR,Voice
   444250000; W3SWR Oxford             ; Narrow FM           ;      10000; Ham
   444250000; W3SBA York               ; Narrow FM           ;      10000; Ham
   444350000; K3TI Reading             ; Narrow FM           ;      10000; Ham
   444500000; W3SBA York               ; Narrow FM           ;      10000; Ham
   444600000; N3EZI Kirkwood           ; Narrow FM           ;      10000; Ham
   444650000; W3XP Ephrata             ; Narrow FM           ;      10000; Ham
   444700000; KM3W Chester             ; Narrow FM           ;      10000; Ham,Voice
   444950000; W3SC Delano              ; Narrow FM           ;      10000; Schuylkill County,Voice
   445175000; KB3WLV Reading           ; Narrow FM           ;      10000; Ham
   446175000; W3EOC - Chester          ; Narrow FM           ;      10000; Voice
   446425000; W3ND York                ; Narrow FM           ;      10000; Ham,Voice
   446475000; N3FYI Cornwall           ; Narrow FM           ;      10000; Ham
   446525000; W3EOC West Chester       ; Narrow FM           ;      10000; Ham,Voice
   446855000; W3RRR Artifact?          ; Narrow FM           ;      10000; Untagged
   447075000; AA3VI - Thorndale/Chester; Narrow FM           ;      20000; Ham,Voice
   447125000; W3BXW Honeybrook         ; Narrow FM           ;      10000; Ham
   447275000; W3HZU York               ; Narrow FM           ;      10000; Digital/DMR,Ham,Voice
   447675000; K3LV Lebanon LVSRA       ; Narrow FM           ;      10000; Ham
   447925000; K3LV Cornwall LVSRA      ; Narrow FM           ;      10000; Ham
   448075000; W3ND Harrisburg          ; Narrow FM           ;      22800; Ham
   448175000; N3EIO KC3LE Quarryville  ; Narrow FM           ;      10000; Ham
   448225000; AA3RG Grantville         ; Narrow FM           ;      10000; Ham
   448625000; N3TPL Holtwood           ; Narrow FM           ;      10000; Ham
   448725000; W3MEL Reading            ; Narrow FM           ;      10000; Ham
   448925000; N3JOZ Schaefferstown     ; Narrow FM           ;      10000; Ham
   449025000; W3AD Cornwall            ; Narrow FM           ;      10000; Digital/DMR,Ham
   449075000; N3SWH Texter Mtn         ; Narrow FM           ;      10000; Ham
   449225000; KA3CNT Lancaster         ; Narrow FM           ;      10000; Ham
   449275000; N3FYI New Holland        ; Narrow FM           ;      10000; Ham
   449325000; KA3CNT Lancaster         ; Narrow FM           ;      10000; Ham
   449425000; N3NRN Red Lion           ; Narrow FM           ;      10000; Ham
   449475000; AA3DH Lancaster          ; Narrow FM           ;      10000; Ham
   449525000; N3EDM Gap Hill           ; Narrow FM           ;      10000; Ham
   449575000; W3RRR Lancaster          ; Narrow FM           ;      10000; Ham
   449625000; K3CX Reading             ; Narrow FM           ;      10000; Ham
   449675000; WB3LGG Cochranville      ; Narrow FM           ;      10000; Ham
   449925000; KA3RMP Hershey           ; Narrow FM           ;      10000; Ham
   449975000; K3IR Manheim SPARC INC   ; Narrow FM           ;      10000; Ham
   450000000; End of 70cm Band         ; Demod Off           ;          0; Ham
   450413000; WGAL In-Studio           ; Narrow FM           ;      10000; Voice
   450608000; WEEU 830AM Uplink        ; Narrow FM           ;      10000; Voice
   450637500; WGAL TV8 IFB             ; Narrow FM           ;      10000; Voice
   450650000; WGAL Field Operations    ; Narrow FM           ;      10000; Voice
   451112500; Three Mile Island Siren Control; Narrow FM           ;      10000; Voice
   451125000; HACC Lancaster IT        ; Narrow FM           ;      10000; Voice
   451225000; Lancaster School District - Maintenance; Narrow FM           ;      10000; Voice
   451287500; F&M College Facility and Operations; Narrow FM           ;      10000; Voice
   451287500; Safe Harbor Water Power Corporation; Narrow FM           ;      10000; Utilities
   451362500; Landis Homes             ; Narrow FM           ;      10000; Voice
   451387500; Thaddeus Stevens Security; Narrow FM           ;      10000; Voice
   451400000; Eastern Lancaster County School District - Maintenance; Narrow FM           ;      10000; Voice
   451587500; Thaddeus Stevens Maintenance; Narrow FM           ;      10000; Voice
   451596000; WPMR457 New Holland      ; Narrow FM           ;      10000; TRS
   451725000; PA Digital Site 006 New Holland; Narrow FM           ;      10000; TRS
   451787500; Noah N Sensenig Farm     ; Narrow FM           ;      10000; Voice
   451850000; Millersville University Sports 1; Narrow FM           ;      10000; Voice
   451862500; LGH - Emergency          ; Narrow FM           ;      10000; Voice
   451875000; Lancaster School District - Emergency; Narrow FM           ;      10000; Voice
   451912500; LGH - Shuttles           ; Narrow FM           ;      10000; Voice
   451962500; Lancaster Bible College  ; Narrow FM           ;      10000; Voice
   452025000; Penn Manor School District; Narrow FM           ;      10000; Voice
   452075000; Martin Paving Inc.       ; Narrow FM           ;      10000; Voice
   452175000; LGH Central Supply       ; Narrow FM           ;      10000; Voice
   452212500; Brethren Village 2       ; Narrow FM           ;      10000; Voice
   452237500; James Street Improvement District (Lancaster City PD); Narrow FM           ;      10000; Voice
   452262500; Ephrata Community Hospital Security; Narrow FM           ;      10000; Voice
   452300000; Schwanger Bros. Heating  ; Narrow FM           ;      10000; Voice
   452325000; Park City Security       ; Narrow FM           ;      10000; Voice
   452387500; Lebanon School District Bus; Narrow FM           ;      10000; Public Works,Voice
   452625000; Site 011 Rawlinsville    ; Narrow FM           ;      10000; TRS
   452700000; LGH - Engineering        ; Narrow FM           ;      10000; Voice
   453124500; Pagers - POCSAG          ; Narrow FM           ;       9000; Data
   453211600; WQQT436 Lancaster PDW    ; Narrow FM           ;      10000; Public Works,Utilities,Voice
   453475000; Ephrata Borough DPW      ; Narrow FM           ;      10000; Public Works
   453525000; Alpha Paging (POCSAG)    ; Narrow FM           ;      10000; Data
   453687500; Ephrata Pioneer Fire Co  ; Narrow FM           ;      10000; Voice
   453737500; Lampeter Fire Company    ; Narrow FM           ;      10000; Voice
   453750000; Red Rose Paratransit     ; Narrow FM           ;      10000; Transportation
   453875000; Millersville University Facilities Maintenance 1; Narrow FM           ;      10000; Voice
   453875000; STS Transportation       ; Narrow FM           ;      10000; Schuylkill County
   453975000; Red Rose Transit Authority; Narrow FM           ;      10000; Transportation
   454250000; PA Digital Site 002 Cornwall; Narrow FM           ;      10000; TRS
   454275000; PA Digital Site 001      ; Narrow FM           ;      10000; TRS
   454275000; PA Digital Site 011 Rawlinsville; Narrow FM           ;      10000; TRS
   454350000; KGA589 Schuylkill Mobile Fone; Narrow FM           ;      10000; Schuylkill County
   456850000; Millersville Athletics   ; Narrow FM           ;      10000; Voice
   458587500; Ephrata Pioneer Fire Company Mobile Repeater; Narrow FM           ;      10000; Voice
   458875000; Millersville Facilities Maintenance 2; Narrow FM           ;      10000; Voice
   460437500; Mount Gretna FC          ; Narrow FM           ;      10000; Voice
   461050000; Lancaster Regional - Ch 1; Narrow FM           ;      10000; Voice
   461075000; Triangle Comms Site 001  ; Narrow FM           ;      10000; TRS
   461125000; Wohlsen Construction Co. ; Narrow FM           ;      10000; Voice
   461150000; Triangle Comms Site 001 New Holland; Narrow FM           ;      10000; TRS
   461325000; Ephrata Community Hospital Eng; Narrow FM           ;      10000; Voice
   461387500; McCaskey High School     ; Narrow FM           ;      10000; Voice
   461400000; Hempfield School District Laidlaw Buses; Narrow FM           ;      10000; Transportation
   461450000; PA Digital Site 011 Rawlinsville; Narrow FM           ;      10000; TRS
   461462500; LGH - Decon / Tac        ; Narrow FM           ;      10000; Voice
   461562500; John F Martin and Sons - Stevens Plant Operations; Narrow FM           ;      10000; Voice
   461612500; Brethren Village 1       ; Narrow FM           ;      10000; Voice
   461637500; LGH - Maintenance/Food Service; Narrow FM           ;      10000; Voice
   461637500; Walmart Distribution Ch 6; Narrow FM           ;      10000; Schuylkill County
   461750000; Triangle Comms Site 001  ; Narrow FM           ;      10000; TRS
   461787500; Johnson & Johnson - Yard Jockeys; Narrow FM           ;      10000; Voice
   461787500; Walmart Distribution Ch 4; Narrow FM           ;      10000; Schuylkill County
   461825000; HACC Lancaster Campus    ; Narrow FM           ;      10000; Voice
   461962500; Walmart Distribution Ch 2; Narrow FM           ;      10000; Schuylkill County
   462062500; Heart of Lancaster - Ch 1; Narrow FM           ;      10000; Voice
   462100000; Blue Mountain SD         ; Narrow FM           ;      10000; Schuylkill County
   462150000; PA Digital Site 002 Cornwall; Narrow FM           ;      10000; TRS
   462200000; Johnson & Johnson - Open/Projects; Narrow FM           ;      10000; Voice
   462225000; R R Donnelley & Sons     ; Narrow FM           ;      10000; Voice
   462250000; Johnson & Johnson - Maintenance; Narrow FM           ;      10000; Voice
   462300000; LGH - Environmental Services; Narrow FM           ;      10000; Voice
   462375000; Johnson & Johnson - Weights; Narrow FM           ;      10000; Voice
   462400000; Eastern Lancaster County School District; Narrow FM           ;      10000; Voice
   462450000; Johnson & Johnson - Tubes/Blisters; Narrow FM           ;      10000; Voice
   462475000; Garden Spot Village 1    ; Narrow FM           ;      10000; Voice
   462500000; Johnson & Johnson - Security; Narrow FM           ;      10000; Voice
   462525000; Johnson & Johnson - MW2000 Packing; Narrow FM           ;      10000; Voice
   462550000; GMRS Channel 1           ; Narrow FM           ;      10000; Voice
   462562500; FRS Channel 1            ; Narrow FM           ;      10000; Voice
   462575000; GMRS Channel 2           ; Narrow FM           ;      10000; Voice
   462587500; FRS Channel 2            ; Narrow FM           ;      10000; Voice
   462600000; GMRS Channel 3           ; Narrow FM           ;      10000; Voice
   462612500; FRS Channel 3            ; Narrow FM           ;      10000; Voice
   462625000; GMRS Channel 4           ; Narrow FM           ;      10000; Voice
   462637500; FRS Channel 4            ; Narrow FM           ;      10000; Voice
   462650000; GMRS Channel 5           ; Narrow FM           ;      10000; Voice
   462662500; FRS Channel 5            ; Narrow FM           ;      10000; Voice
   462675000; GMRS Channel 6           ; Narrow FM           ;      10000; Voice
   462687500; FRS Channel 6            ; Narrow FM           ;      10000; Voice
   462687500; Millersville Special Events; Narrow FM           ;      10000; Voice
   462700000; GMRS Channel 7           ; Narrow FM           ;      10000; Voice
   462712500; FRS Channel 7            ; Narrow FM           ;      10000; Voice
   462725000; GMRS Channel 8           ; Narrow FM           ;      10000; Voice
   462775000; Crossband Repeater for 33.56 33.68 33.72 33.64; Narrow FM           ;      10000; Voice
   463200000; Northwest EMS (Elizabethtown Area) - Private; Narrow FM           ;      10000; Voice
   463225000; Triangle Comms Site 001 New Holland; Narrow FM           ;      10000; TRS
   463350000; Woodcrest Villa Mennonite Home - Housekeeping/Maintenance; Narrow FM           ;      10000; Voice
   463450000; PA Digital Site 006 New Holland; Narrow FM           ;      10000; TRS
   463475000; PA Digital Site 002 Cornwall; Narrow FM           ;      10000; TRS
   463500000; PA Digital Site 002 Cornwall; Narrow FM           ;      10000; TRS
   463575000; Triangle Comms Site 001  ; Narrow FM           ;      10000; TRS
   463600000; ETown College Security Dispatch; Narrow FM           ;      10000; Voice
   463650000; Site 001 Welsh Mountain  ; Narrow FM           ;      10000; TRS
   464000000; PA Digital Site 002 Cornwall; Narrow FM           ;      10000; TRS
   464000000; Triangle Comms Site 001  ; Narrow FM           ;      10000; TRS
   464300000; Eagle Disposal           ; Narrow FM           ;      10000; Voice
   464300000; PA Digital Site 006 New Holland; Narrow FM           ;      10000; TRS
   464325000; Eshbach Bus Service (SOLANCO and Penn Manor); Narrow FM           ;      10000; Transportation
   464362500; PA Digital Site 006 New Holland; Narrow FM           ;      10000; TRS
   464375000; Manheim Township School District; Narrow FM           ;      10000; Voice
   464375000; Willow Valley Manor Campus 2 - Ops/Security; Narrow FM           ;      10000; Voice
   464425000; Health Campus - Security ; Narrow FM           ;      10000; Voice
   464437500; Hempfield High School    ; Narrow FM           ;      10000; Voice
   464475000; Eastern Lanc. Co. SD Buses; Narrow FM           ;      10000; Transportation
   464475000; Willow Valley Lakes Campus 2 - Ops/Security; Narrow FM           ;      10000; Voice
   464525000; F&M College Maintenance  ; Narrow FM           ;      10000; Voice
   464550000; Kitchen Kettle Village   ; Narrow FM           ;      10000; Voice
   464550000; Sheetz #257              ; Narrow FM           ;      10000; Voice
   464575000; Garden Spot Village 2    ; Narrow FM           ;      10000; Voice
   464637500; F&M College EMT Team     ; Narrow FM           ;      10000; Voice
   464637500; F&M College Student Shuttles; Narrow FM           ;      10000; Transportation
   464650000; D.B. Fisher Bus Service  ; Narrow FM           ;      10000; Transportation
   464662500; Millersville SMC Fitness Center; Narrow FM           ;      10000; Voice
   464675000; Solanco SD Bus           ; Narrow FM           ;      10000; Transportation
   464700000; LGH - Security           ; Narrow FM           ;      10000; Voice
   464762500; Donegal School District 1; Narrow FM           ;      10000; Voice
   464775000; Lancaster Regional - Ch 2; Narrow FM           ;      10000; Voice
   464775000; Millersville Sports 2    ; Narrow FM           ;      10000; Voice
   464787500; Johnson & Johnson - Bottling; Narrow FM           ;      10000; Voice
   464800000; Triangle Comms Site 001  ; Narrow FM           ;      10000; TRS
   464825000; HACC Lancaster Facilities & Operations; Narrow FM           ;      10000; Voice
   464825000; HACC Lancaster Security  ; Narrow FM           ;      10000; Voice
   464862500; Donegal School District 2; Narrow FM           ;      10000; Voice
   464875000; Heart of Lancaster - Ch 2; Narrow FM           ;      10000; Voice
   464900000; Site 001 Welsh Mountain  ; Narrow FM           ;      10000; TRS
   464912500; HACC Lancaster Facilities & Operations; Narrow FM           ;      10000; Voice
   464925000; Willow Valley Lakes Campus 1 - Ops/Security; Narrow FM           ;      10000; Voice
   464950000; Triangle Comms Site 001  ; Narrow FM           ;      10000; TRS
   464962500; Sight and Sound Theatre (Queue & Stage); Narrow FM           ;      10000; Voice
   464975000; Kellogs                  ; Narrow FM           ;      10000; Voice
   464975000; Willow Valley Manor Campus 1 - Ops/Security; Narrow FM           ;      10000; Voice
   466050000; Millersville Ticket Sales; Narrow FM           ;      10000; Voice
   466487500; Millersville SMC Information Desk; Narrow FM           ;      10000; Voice
   467562500; FRS Channel 8            ; Narrow FM           ;       5000; Voice
   467587500; FRS Channel 9            ; Narrow FM           ;       5000; Voice
   467612500; FRS Channel 10           ; Narrow FM           ;       5000; Voice
   467637500; FRS Channel 11           ; Narrow FM           ;       5000; Voice
   467662500; FRS Channel 12           ; Narrow FM           ;       5000; Voice
   467687500; FRS Channel 13           ; Narrow FM           ;       5000; Voice
   467712500; FRS Channel 14           ; Narrow FM           ;       5000; Voice
   467850000; Cracker Barrel           ; Narrow FM           ;      10000; Voice
   469775000; Millersville Intramurals ; Narrow FM           ;      10000; Voice
   476012500; LCWC Site 001 Central Simulcast; Narrow FM           ;      10000; TRS
   476050000; LCWC Site 005 COW (Portable site); Narrow FM           ;      10000; TRS
   476087500; LCWC Site 001 Central Simulcast; Narrow FM           ;      10000; TRS
   476162500; LCWC Site 002 Northeast Simulcast; Narrow FM           ;      10000; TRS
   476275000; LCWC Site 001 Central Simulcast; Narrow FM           ;      10000; TRS
   476350000; LCWC Site 001 Central Simulcast; Narrow FM           ;      10000; TRS
   476425000; LCWC Site 002 Northeast Simulcast; Narrow FM           ;      10000; TRS
   476462500; LCWC Site 004 South Simulcast; Narrow FM           ;      10000; TRS
   476537500; LCWC Site 001 Central Simulcast; Narrow FM           ;      10000; TRS
   476575000; LCWC Site 005 COW (Portable site); Narrow FM           ;      10000; TRS
   476612500; LCWC Site 001 Central Simulcast; Narrow FM           ;      10000; TRS
   476687500; LCWC Site 002 Northeast Simulcast; Narrow FM           ;      10000; TRS
   476725000; LCWC Site 004 South Simulcast; Narrow FM           ;      10000; TRS
   476800000; LCWC Site 001 Central Simulcast; Narrow FM           ;      10000; TRS
   476875000; LCWC Site 001 Central Simulcast; Narrow FM           ;      10000; TRS
   477062500; LCWC Site 001 Central Simulcast; Narrow FM           ;      10000; TRS
   477100000; LCWC Site 005 COW (Portable site); Narrow FM           ;      10000; TRS
   477137500; LCWC Site 002 Northeast Simulcast; Narrow FM           ;      10000; TRS
   477212500; LCWC Site 001 Central Simulcast; Narrow FM           ;      10000; TRS
   477287500; LCWC Site 002 Northeast Simulcast; Narrow FM           ;      10000; TRS
   477362500; LCWC Site 004 South Simulcast; Narrow FM           ;      10000; TRS
   477400000; LCWC Site 002 Northeast Simulcast; Narrow FM           ;      10000; TRS
   477475000; LCWC Site 001 Central Simulcast; Narrow FM           ;      10000; TRS
   477550000; LCWC Site 002 Northeast Simulcast; Narrow FM           ;      10000; TRS
   477625000; LCWC Site 005 COW (Portable site); Narrow FM           ;      10000; TRS
   477662500; LCWC Site 004 South Simulcast; Narrow FM           ;      10000; TRS
   477812500; LCWC Site 004 South Simulcast; Narrow FM           ;      10000; TRS
   477850000; LCWC Site 002 Northeast Simulcast; Narrow FM           ;      10000; TRS
   477925000; LCWC Site 004 South Simulcast; Narrow FM           ;      10000; TRS
   478075000; LCWC Site 003 Northwest Simulcast; Narrow FM           ;      10000; TRS
   478150000; LCWC Site 003 Northwest Simulcast; Narrow FM           ;      10000; TRS
   478337500; LCWC Site 003 Northwest Simulcast; Narrow FM           ;      10000; TRS
   478412500; LCWC Site 003 Northwest Simulcast; Narrow FM           ;      10000; TRS
   478600000; LCWC Site 003 Northwest Simulcast; Narrow FM           ;      10000; TRS
   478787500; LCWC Site 003 Northwest Simulcast; Narrow FM           ;      10000; TRS
   478862500; LCWC Site 003 Northwest Simulcast; Narrow FM           ;      10000; TRS
   488310000; ATSC Channel 17 Carrier  ; Narrow FM           ;      10000; Data
   502962500; PA Digital Site 006 New Holland; Narrow FM           ;      10000; TRS
   512310000; ATSC Channel 21 Carrier  ; Narrow FM           ;      10000; Data
   536310000; ATSC Channel 25 Carrier  ; Narrow FM           ;      10000; Data
   542310000; ATSC Channel 26 Carrier  ; Narrow FM           ;      10000; Data
   560310000; ATSC Channel 29 Carrier  ; Narrow FM           ;      10000; Data
   578310000; ATSC Channel 32          ; Narrow FM           ;      10000; Data
   602310000; ATSC Channel 36 Carrier  ; Narrow FM           ;      10000; Data
   638310000; ATSC Channel 42 Carrier  ; Narrow FM           ;      10000; Data
   680310000; ATSC Channel 49 Carrier  ; Narrow FM           ;      10000; Data
   729238000; 4G LTE Begin             ; Narrow FM           ;      10000; Data
   733770000; 4G LTE End               ; Narrow FM           ;      10000; Data
   851275000; PASTARNet Site 71063 Lancaster (LANC63); Narrow FM           ;      10000; TRS
   851462500; PASTARNet Site 71033 Truce (LANC33); Narrow FM           ;      10000; TRS
   851537500; PASTARNet Site 71065 Lancaster (LANC65); Narrow FM           ;      10000; TRS
   851675000; PASTARNet Site 71006 Bowmansville (LANC06); Narrow FM           ;      10000; TRS
   851800000; PASTARNet Site 71033 Truce (LANC33); Narrow FM           ;      10000; TRS
   852137500; PASTARNet Site 71634 Gap (LANC634); Narrow FM           ;      10000; TRS
   852225000; PASTARNet Site 71006 Bowmansville (LANC06); Narrow FM           ;      10000; TRS
   852275000; PASTARNet Site 71634 Gap (LANC634); Narrow FM           ;      10000; TRS
   852350000; PASTARNet Site 71001 Cornwall (LANC01); Narrow FM           ;      10000; TRS
   852475000; PASTARNet Site 71064 Drumore (LANC64); Narrow FM           ;      10000; TRS
   852650000; PASTARNet Site 71641 Drumore (LANC641); Narrow FM           ;      10000; TRS
   852775000; PASTARNet Site 71001 Cornwall (LANC01); Narrow FM           ;      10000; TRS
   853287500; PASTARNet Site 71033 Truce (LANC33); Narrow FM           ;      10000; TRS
   853462500; PASTARNet Site 71062 Holtwood (LANC62); Narrow FM           ;      10000; TRS
   853625000; PASTARNet Site 71001 Cornwall (LANC01); Narrow FM           ;      10000; TRS
   853875000; PASTARNet Site 71001 Cornwall (LANC01); Narrow FM           ;      10000; TRS
   853962500; PASTARNet Site 71006 Bowmansville (LANC06); Narrow FM           ;      10000; TRS
   854462500; PASTARNet Site 71634 Gap (LANC634); Narrow FM           ;      10000; TRS
   927587500; N3TUQ CORNWALL LRTS      ; Narrow FM           ;      10000; Ham
   940263000; GSM900 Basestation       ; Narrow FM           ;      10000; Data
  1625500000; Iridium Satellites       ; Narrow FM           ;      10000; Satellite
